Name,FullName,Generations,Latitude,Longitude,Logo,DetectorType,NeutrinoType,NeutrinoSources,EnergyMeVMin,EnergyMeVMax,Goal,Proposal,ProposedDate,StartDataTaking,DateofRetirement,DetectorDetails,Discovery,,,,,,,,,,,,,,,,,
JUNO,,,22.17208708,112.4122417,,Liquid scintillator,Reactor,Reactor,,,"Oscillation?, 0vbb in 2030s",,,2025,,"20k ton liquid scintillator (LS), 4m diameter. Stainless steel frame + Acrylic tank. Liquid scintillator: LAB + PPO + bis (?)",,,,,,,,,,,,,,,,,,
Jinping,,Jinping,28.153333,101.711389,,Liquid scintillator,Atmosphere,Atmospherical Neutrinos,,,,,,,,,,,,,,,,,,,,,,,,,,
Cowan–Reines,,Cowan–Reines,33.234,-81.6451,,Liquid scintillator,Reactor,Atomic Bomb,,,,,,1956,1956,Two tanks of water,Prove electro antineutrino exists,,,,,,,,,,,,,,,,,
CCM,Coherent Captain Mills,CCM120,35.86747444,-106.2575374,,LAr Scintillation Detector,Accelerator,LANSCE,,,"Sterile neutrino, dark matter",https://p25ext.lanl.gov/~lee/CaptainMills/Documentation/CCM_Proposal_Lujan_2018_V1.pdf,,2019,2019,10 tons LAr,,,,,,,,,,,,,,,,,,
LSND,Liquid Scintillator Neutrino Detector,LSND,35.86741707,-106.2575498,,Scintilatoin Detector,Accelerator,LANSCE,,,,,,1993,1998,,,,,,,,,,,,,,,,,,,
SuperK,,Super-Kamiokande,36.4238889,137.319722,https://gcn.nasa.gov/_static/app/_assets/logo-3JVFAKTM.png,Water Cherenkov,Atmosphere,Atmospherical Neutrinos,,,,,,1996,,2.8 degree off axis.,,,,,,,,,,,,,,,,,,
SciBooNE,Sci Booster Neutrino Experiment,,41.83412004,-88.26940963,,Scintilatoin Detector,Accelerator,BNB,,,Xsec on C & Fe,https://arxiv.org/abs/hep-ex/0601022,,2007,2008,S,,,,,,,,,,,,,,,,,,
MiniBooNE,,,41.83810187,-88.26949814,https://johncarlosbaez.wordpress.com/wp-content/uploads/2018/06/a-schematic-drawing-of-the-miniboone-detector.png,Mineral Oil Cherenkov,Accelerator,BNB,140,,,,,2002,2019,450 tons fiducial mass,Low Energy Excess anomaly,,,,,,,,,,,,,,,,,
SBN,Short-Baseline Neutrino Program,SBND,41.83424293,-88.26943377,,LArTPC,Accelerator,BNB,,,"LEE, XSec, BSM",,,2024,,"112 ton fiducial mass; 4x4x5 m; 110m from BNB, on-axis.",,,,,,,,,,,,,,,,,,
MicroBooNE,Micro-Booster Neutrino Experiment,MicroBooNE,41.83754685,-88.26958094,https://microboone-exp.fnal.gov/public/approved_plots/plots/3004/kalekologo_noshadow.png,LArTPC,Accelerator,"BNB, NuMI",,,"LEE, XSec, BSM",https://inspirehep.net/literature/776376,,2014,2021,"85 tonne fiducial mass; 470m from BNB, on-axis; ?m from NUMI, off-axis, 8 degrees, e.g. 20 degrees up and 9 degrees left from the beamline;",,,,,,,,,,,,,,,,,,
ICARUS,,ICARUS,41.83860697,-88.2695834,,"LArTPC, LongBaseLine",Accelerator,"BNB, NuMI",,,"LEE, XSec, BSM",,,2021,,"760-tons, 476 tons fiducial volume, 20-meter-long; 600m from BNB, on-axis; 700 m from NuMI beam, off-axis, 6 degrees; Previously located in Gran Sasso Laboratory at CERN.",,,,,,,,,,,,,,,,,,
Nova,NuMI Off-Axis nu_e Appearance ,Nova Near detector,41.8395656,-88.2702022,https://novaexperiment.fnal.gov/wp-content/uploads/2018/05/NOvA-s.jpg,Liquid scintillator,Accelerator,NuMI,,,Oscillation,,,2014,,"100m away, underground",,,,,,,,,,,,,,,,,,
Borexino,,,42.42096,13.51598,,Liquid Scintillator,Solar Neutrinos,Atmospherical Neutrinos,100keV,,,https://borex.lngs.infn.it/papers/1991-08%20BorexYellowBook.pdf,,2007,2021,,Flavor high metallicity (HZ theory) than LZ,,,,,,,,,,,,,,,,,
Homestake,,Homestake,44.3561,-103.7647,,Liquid Scintillator,Atmosphere,Atmospherical Neutrinos,,,Solar neutrinos,,,1967,1994,"380 cubic meter (100,000 gallon) tank of perchloroethylene, rich source of 37chlorine",First counts on solar neutrinos,,,,,,,,,,,,,,,,,
SNO,Sudbury Neutrino Observatory,,46.4666667,-81.170333,,Water Chamber,Atmosphere,Atmospherical Neutrinos,,,,,,1999,2006,Heavy Water,,,,,,,,,,,,,,,,,,
P-One,,,47.84265622,-127.3149498,,Scintillator,Astrophysics,Astrophysical Neutrino,,,,,,2028,,"2.6km deep, 70 strings",,,,,,,,,,,,,,,,,,
IceCube,,IceTop,-80.8006734900921,-63.453056,,Scintillator,Astrophysics,Astrophysical Neutrino,,,,https://arxiv.org/abs/astro-ph/0509322,,2005,,,,,,,,,,,,,,,,,,,,
ANNIE,,,41.83412004,-88.26940963,,Gadolinium-doped water Chamber,Accelerator,BNB,,,Measure neutron yield of neutrino nucleus scattering in water.,,,2020,,FineGrind,,,,,,,,,,,,,,,,,,
MINERvA,Main INjector ExpeRiment of v (nu) on A (atom),MINERvA,41.8394197,-88.2701378,https://minerva.fnal.gov/wp-content/uploads/2018/06/minerva_pride.jpeg,Tracking Detector,Accelerator,NuMI,10,10000,Neutron detection,https://minerva.fnal.gov/proposals-and-design-reports/,,2009,2019,"In front of MINOS, semi-cylinder 5m in length, 3.45 in diameter. Filled with Polystyrene (CH). Can detctor neutron wieh energy at O(10) MeV.",,,,,,,,,,,,,,,,,,
Nova,,Nova Far detector,48.37929253,-92.8315068,,Liquid scintillator,"Accelerator, Long-Baseline",NuMI,,,Oscillation,,,,,"193 ton PVC Shell, off-axis experiment. 810km away. PVC cells filled with liquid scintillator. near surface",Strong constrain on deltaM32 with join analysis with t2k,,,,,,,,,,,,,,,,,
WATCHMAN,,,54.556,-0.825,,Electromagnetic Collimation,,,,,,,,,,,,,,,,,,,,,,,,,,,,
Troitsk,,,55.470,37.320,,,,,,,,,,,,,,,,,,,,,,,,,,,,,,
TRISTAN,,,49.091,8.429,,,,,,,,,,,,,,,,,,,,,,,,,,,,,,
Trinity,,,39.420,-113.240,,Scintillator,,,,,,,,,,,,,,,,,,,,,,,,,,,,
TRIDENT,,,19.14,114.34,,Liquid scintillator,,,,,,,,,,,,,,,,,,,,,,,,,,,,
THEIA,,,44.352,-103.765,,,,,,,,,,,,,,,,,,,,,,,,,,,,,,
TAMBO,,,-15.60,-71.80,,"Fine Grained Detector, Long-Baseline",,,,,,,,,,,,,,,,,,,,,,,,,,,,
T2K,,,36.425,137.310,,Liquid scintillator,,,,,,,,2010,,,,,,,,,,,,,,,,,,,,
STEREO,,,45.245,5.755,,,,,,,,,,,,,,,,,,,,,,,,,,,,,,
Soudan1,,,47.820,-92.240,,Liquid scintillator,,,,,,,,1981,1982,,,,,,,,,,,,,,,,,,,
SOLID,,,51.092,4.244,,,,,,,,,,,,,,,,,,,,,,,,,,,,,,
RNO-G,,,72.60,-38.42,,,,,,,,,,,,,,,,,,,,,,,,,,,,,,
RENO,,,35.682,127.488,,,,,,,,,,,,,,,,,,,,,,,,,,,,,,
PTOLEMY,,,42.454,13.576,,Liquid scintillator,,,,,,,,,,,,,,,,,,,,,,,,,,,,
PROSPECT,,,35.930,-84.310,,Cyclotron Radiation Emission Spectroscopy (CRES),,,,,,,,,,,,,,,,,,,,,,,,,,,,
Project 8,,,47.655,-122.307,,Spacecraft,,,,,,,,,,,,,,,,,,,,,,,,,,,,
POEMMA,,,18.35,-66.75,,,,,,,,,,,,,,,,,,,,,,,,,,,,,,
PandaX-III,,,28.153,101.714,,Scintillator,,,,,,,,,,,,,,,,,,,,,,,,,,,,
OPERA,,,42.427,13.576,,,,,,,,,,2008,2012,,,,,,,,,,,,,,,,,,,
NUSEX,,,42.45,13.57,,Cyogenic detectors,,,,,,,,,,,,,,,,,,,,,,,,,,,,
NUCLEUS & MINER,,,51.09,4.24,,,,,,,,,,,,,,,,,,,,,,,,,,,,,,
NOMAD,,,46.234,6.050,,,,,,,,,,1995,1998,,,,,,,,,,,,,,,,,,,
NEXT,,,40.459,-3.923,,,,,,,,,,2008,2015,,,,,,,,,,,,,,,,,,,
nEXO,,,46.470,-81.186,,Liquid scintillator,,,,,,,,,,,,,,,,,,,,,,,,,,,,
Neutrino-4,,,59.85,29.05,,,,,,,,,,,,,,,,,,,,,,,,,,,,,,
NEOS,,,36.425,127.371,,Steel Scintillator,,,,,,,,,,,,,,,,,,,,,,,,,,,,
MINOS,,,47.820,-92.240,,cylindrical drift chamber,,,,,,,,2005,2012,,,,,,,,,,,,,,,,,,,
MEG II,,,46.233,6.050,,p-type point contact (PPC),,,,,,,,,,,,,,,,,,,,,,,,,,,,
MAJORANA DEMONSTRATOR,,,44.352,-103.751,,Electromagnetic Collimation,,,,,,,,,,,,,,,,,,,,,,,,,,,,
Mainz,,,49.993,8.228,,,,,,,,,,,,,,,,,,,,,,,,,,,,,,
LENA,,,47.206,8.817,,,,,,,,,,,,,,,,,,,,,,,,,,,,,,
LEGEND,,,42.45,13.57,,,,,,,,,,,,,,,,,,,,,,,,,,,,,,
KM3NeT,,,36.274,16.102,,,,,,,,,,2008,2022,,,,,,,,,,,,,,,,,,,
KGF,,,12.835,78.205,,Tritium Spectrometer,,,,,,,,,,,,,,,,,,,,,,,,,,,,
KATRIN,,,49.091,8.429,,Liquid Sctillator,,,,,,,,2019,,,,,,,,,,,,,,,,,,,,
KamLAND,,,36.426,137.310,,,,,,,,,,,,,,,,,,,,,,,,,,,,,,
K2K,,,36.425,137.310,,Liquid scintillator,,,,,,,,,,,,,,,,,,,,,,,,,,,,
JUNO-TAO,,,22.119,112.991,,,,,,,,,,,,,,,,,,,,,,,,,,,,,,
JParc-Sterile Neutrino Search,,,36.465,140.607,,Liquid Scintillator Counter made with Lithium-7,,,,,,,,,,,,,,,,,,,,,,,,,,,,
IsoDAR,,,36.426,137.310,,,,,,,,,,,,,,,,,,,,,,,,,,,,,,
Irvine-Michigan-Brookhaven detector,,,41.503,-81.613,,,,,,,,,,,,,,,,,,,,,,,,,,,,,,
HUNTER,,,49.249,-123.244,,Scintillator,,,,,,,,,,,,,,,,,,,,,,,,,,,,
HUNT,,,30.0,120.0,,Microcalorimeters,,,,,,,,,,,,,,,,,,,,,,,,,,,,
Holmes,,,44.405,8.947,,,,,,,,,,,,,,,,,,,,,,,,,,,,,,
GRAND,,,43.0,87.0,,,,,,,,,,,,,,,,,,,,,,,,,,,,,,
GERDA,,,42.454,13.576,,,,,,,,,,,,,,,,,,,,,,,,,,,,,,
GALLEX,,,42.454,13.576,,,,,,,,,,,,,,,,,,,,,,,,,,,,,,
GADZOOKS,,,36.425,137.310,,,,,,,,,,,,,,,,,,,,,,,,,,,,,,
Frejus,,,45.119,6.687,,,,,,,,,,,,,,,,,,,,,,,,,,,,,,
FASER,,,46.233,6.050,,,,,,,,,,,,,,,,,,,,,,,,,,,,,,
EXO-200,,,32.371,-103.791,,metallic magnetic calorimeters (MMCs),,,,,,,,2011,2018,,,,,,,,,,,,,,,,,,,
ECHo,,,53.575,9.970,,,,,,,,,,,,,,,,,,,,,,,,,,,,,,
DUNE,,,44.352,-103.751,,,,,,,,,,,,,,,,,,,,,,,,,,,,,,
Double Chooz,,,50.072,1.944,,,,,,,,,,,,,,,,,,,,,,,,,,,,,,
DONuT,,,41.840,-88.263,,,,,,,,,,,,,,,,,,,,,,,,,,,,,,
DEMETER,,,46.226,2.213,,,,,,,,,,,,,,,,,,,,,,,,,,,,,,
Daya Bay,,,22.603,114.544,,LArTPC,,,,,,,,,,,,,,,,,,,,,,,,,,,,
DarkSide-50,,,42.454,13.576,,,,,,,,,,,,,,,,,,,,,,,,,,,,,,
DANSS,,,59.168,35.040,,,,,,,,,,,,,,,,,,,,,,,,,,,,,,
D2O,,,46.471,-81.186,,,,,,,,,,,,,,,,,,,,,,,,,,,,,,
CUPID,,,42.454,13.576,,,,,,,,,,,,,,,,,,,,,,,,,,,,,,
CUORE,,,42.454,13.576,,,,,,,,,,,,,,,,,,,,,,,,,,,,,,
CONNIE,,,-23.010,-44.460,,,,,,,,,,,,,,,,,,,,,,,,,,,,,,
COHERENT,,,35.932,-84.310,,,,,,,,,,,,,,,,,,,,,,,,,,,,,,
CANDLES,,,36.426,137.310,,,,,,,,,,,,,,,,,,,,,,,,,,,,,,
Bugey,,,45.620,5.274,,,,,,,,,,,,,,,,,,,,,,,,,,,,,,
BEST,,,43.651,43.724,,,,,,,,,,,,,,,,,,,,,,,,,,,,,,
BEeST,,,49.249,-123.244,,,,,,,,,,,,,,,,,,,,,,,,,,,,,,
Baksan Neutrino Observatory,,,43.651,43.724,,Scintillator,,,,,,,,,,,,,,,,,,,,,,,,,,,,
Baikal Deep Underwater Neutrino Telescope,,,51.770,104.400,,,,,,,,,,,,,,,,,,,,,,,,,,,,,,
AugerPrime,,,-35.206,-69.315,,,,,,,,,,,,,,,,,,,,,,,,,,,,,,
ArgoNeuT,,,41.841,-88.262,,Cherenkov Detector,,,,,,,,,,,,,,,,,,,,,,,,,,,,
ANTARES,,,42.800,6.170,,,,,,,,,,2008,2016,,,,,,,,,,,,,,,,,,,
AMoRE,,,38.103,127.423,,,,,,,,,,,,,,,,,,,,,,,,,,,,,,
AMANDA,,,-90.000,0.000,,,,,,,,,,,,,,,,,,,,,,,,,,,,,,
ABRACADABRA,,,42.360,-71.087,,,,,,,,,,2020,,,,,,,,,,,,,,,,,,,,
